{"cameraMode":{"drawMode":0,"name":"Shaded","section":"Shading Mode"},"sceneLighting":true,"audioPlay":false,"sceneViewState":{"showFog":false,"showMaterialUpdate":false,"showSkybox":false,"showFlares":false,"showImageEffects":false,"showParticleSystems":false},"in2DMode":false,"pivot":{"x":-5.599999904632568,"y":1.0199999809265137,"z":0.0},"rotation":{"x":-0.15998072922229768,"y":-0.23101413249969483,"z":0.03854071721434593,"w":-0.9589335918426514},"size":13.529187202453614,"orthographic":false}